,segment_id,segment_avg_logprob,segment_compression_ratio,segment_no_speech_prob,seek,start,end,temperature,text,tokens,nltk_opinion_lexicon_positive,nltk_opinion_lexicon_negative,nltk_opinion_lexicon_net,vader_neg,vader_neu,vader_pos,vader_compound,sentiment_iterate,sentiment_scores,sentiment_scores_number,openai_mean_sentiment,std_sentiment,nltk_opinion_lexicon_net_z,vader_neg_z,vader_neu_z,vader_pos_z,vader_compound_z,openai_mean_sentiment_z
0,0,-0.2211988866329193,1.7118643522262573,0.08628746122121811,0,0.0,4.0,0.0," Today, millions of Americans are making their voices heard.","[50364, 2692, 11, 6803, 295, 6280, 366, 1455, 641, 9802, 2198, 13, 50564]",0.0,0.0,0.0,0.0,1.0,0.0,0.0,"[{'text': 'Today, millions of Americans are making their voices heard.', 'sentiment_score': 8.5, 'sentiment': 'Positive'}, {'sentiment_analysis': {'text': 'Today, millions of Americans are making their voices heard.', 'sentiment_score': 8}}, {'sentiment_analysis': {'text': 'Today, millions of Americans are making their voices heard.', 'sentiment_score': 8}}, {'sentiment_analysis': {'text': 'Today, millions of Americans are making their voices heard.', 'sentiment_score': 7.5, 'sentiment': 'Positive'}}, {'sentiment_analysis': {'text': 'Today, millions of Americans are making their voices heard.', 'sentiment_score': 8.5, 'sentiment_label': 'Positive'}}]","[8.5, 8, 8, 7.5, 8.5]","[8.5, 8.0, 8.0, 7.5, 8.5]",0.8099999999999999,0.03741657386773941,-0.21918704802803202,-0.2759638350182394,0.5943273372005206,-0.563072563168964,-0.16491050552416095,0.988928742989143
1,1,-0.2211988866329193,1.7118643522262573,0.08628746122121811,0,4.0,7.0,0.0, What brought me to the poll today is I think my vote counts.,"[50564, 708, 3038, 385, 281, 264, 6418, 965, 307, 286, 519, 452, 4740, 14893, 13, 50714]",0.0,0.0,0.0,0.0,1.0,0.0,0.0,"[{'text': 'What brought me to the poll today is I think my vote counts.', 'sentiment': {'score': 7, 'type': 'positive'}}, {'sentiment_analysis': {'text': 'What brought me to the poll today is I think my vote counts.', 'sentiment_score': 8}}, {'text': 'What brought me to the poll today is I think my vote counts.', 'sentiment_analysis': {'overall_sentiment': 'positive', 'sentiment_score': 8}}, {'sentiment_analysis': {'text': 'What brought me to the poll today is I think my vote counts.', 'sentiment_score': 8}}, {'text': 'What brought me to the poll today is I think my vote counts.', 'sentiment_analysis': {'overall_sentiment': 'positive', 'sentiment_score': 8}}]","[7, 8, 8, 8, 8]","[7.0, 8.0, 8.0, 8.0, 8.0]",0.78,0.039999999999999994,-0.21918704802803202,-0.2759638350182394,0.5943273372005206,-0.563072563168964,-0.16491050552416095,0.8192157479325801
2,2,-0.2211988866329193,1.7118643522262573,0.08628746122121811,0,7.0,10.0,0.0," Joining the tens of millions of people who cast their ballots early,","[50714, 40229, 264, 10688, 295, 6803, 295, 561, 567, 4193, 641, 36410, 2440, 11, 50864]",0.0,0.0,0.0,0.0,1.0,0.0,0.0,"[{'sentiment_analysis': {'text': 'Joining the tens of millions of people who cast their ballots early', 'sentiment_score': 7.8, 'sentiment': 'Positive'}}, {'text': 'Joining the tens of millions of people who cast their ballots early.', 'sentiment_score': 8.5, 'sentiment_type': 'Positive'}, {'text': 'Joining the tens of millions of people who cast their ballots early', 'sentiment_analysis': {'score': 7.5, 'sentiment': 'positive'}}, {'sentiment_analysis': {'text': 'Joining the tens of millions of people who cast their ballots early', 'sentiment_score': 8}}, {'text': 'Joining the tens of millions of people who cast their ballots early', 'sentiment_score': 8}]","[7.8, 8.5, 7.5, 8, 8]","[7.8, 8.5, 7.5, 8.0, 8.0]",0.7959999999999999,0.032619012860600184,-0.21918704802803202,-0.2759638350182394,0.5943273372005206,-0.563072563168964,-0.16491050552416095,0.9097293452960801
3,3,-0.2211988866329193,1.7118643522262573,0.08628746122121811,0,10.0,13.0,0.0, Vice President Harris said she mailed her ballot in,"[50864, 13276, 3117, 17426, 848, 750, 463, 7292, 720, 21880, 294, 51014]",0.0,0.1111111111111111,-0.1111111111111111,0.0,1.0,0.0,0.0,"[{'text': 'Vice President Harris said she mailed her ballot in', 'sentiment_score': 8, 'sentiment': 'Positive'}, {'text': 'Vice President Harris said she mailed her ballot in', 'sentiment_score': 7}, {'text': 'Vice President Harris said she mailed her ballot in', 'sentiment_analysis': {'overall_score': 7.5, 'sentences': [{'sentence': 'Vice President Harris said she mailed her ballot in', 'score': 7.5}]}}, {'sentiment_analysis': {'text': 'Vice President Harris said she mailed her ballot in', 'sentiment_score': 7.5, 'sentiment_type': 'Neutral'}}, {'text': 'Vice President Harris said she mailed her ballot in', 'sentiment_score': 7}]","[8, 7, None, 7.5, 7]","[8.0, 7.0, 7.5, 7.0]",0.7375,0.041457809879442496,-1.5819851462896288,-0.2759638350182394,0.5943273372005206,-0.563072563168964,-0.16491050552416095,0.5787890049357819
4,4,-0.2211988866329193,1.7118643522262573,0.08628746122121811,0,13.0,16.0,0.0, as running mate Tim Walz voted early in person.,"[51014, 382, 2614, 11709, 7172, 9707, 89, 13415, 2440, 294, 954, 13, 51164]",0.0,0.0,0.0,0.0,1.0,0.0,0.0,"[{'sentiment_analysis': {'text': 'running mate Tim Walz voted early in person', 'sentiment_score': 7}}, {'text': 'Running mate Tim Walz voted early in person.', 'sentiment_analysis': {'score': 7.5, 'sentiment': 'Positive', 'details': 'The text indicates a positive sentiment as it showcases proactive behavior (early voting) reflecting good practice and responsibility.'}}, {'text': 'running mate Tim Walz voted early in person.', 'sentiment': {'overall_score': 7.5, 'positive_score': 0.8, 'negative_score': 0.2, 'neutral_score': 0.0}}, {'text': 'running mate Tim Walz voted early in person.', 'sentiment_score': 8, 'sentiment': 'Positive'}, {'text': 'running mate Tim Walz voted early in person.', 'sentiment': {'score': 7, 'interpreted_score': 'Positive'}}]","[7, 7.5, 7.5, 8, 7]","[7.0, 7.5, 7.5, 8.0, 7.0]",0.74,0.03741657386773941,-0.21918704802803202,-0.2759638350182394,0.5943273372005206,-0.563072563168964,-0.16491050552416095,0.5929317545238286
5,5,-0.2211988866329193,1.7118643522262573,0.08628746122121811,0,16.0,19.0,0.0," And today, former President Trump and his running mate J.D. Vance","[51164, 400, 965, 11, 5819, 3117, 3899, 293, 702, 2614, 11709, 508, 13, 35, 13, 691, 719, 51314]",0.09090909090909091,0.0,0.09090909090909091,0.0,1.0,0.0,0.0,"[{'sentiment_analysis': {'text': 'And today, former President Trump and his running mate J.D. Vance', 'sentiment_score': 4.5, 'sentiment_rating': 'Neutral'}}, {'sentiment_analysis': {'text': 'And today, former President Trump and his running mate J.D. Vance', 'sentiment_score': 7}}, {'sentiment_analysis': {'text': 'And today, former President Trump and his running mate J.D. Vance', 'sentiment_score': 4.5, 'sentiment': 'Neutral'}}, {'sentiment_analysis': {'text': 'And today, former President Trump and his running mate J.D. Vance', 'sentiment_score': 3, 'sentiment': 'Neutral'}}, {'sentiment_analysis': {'text': 'And today, former President Trump and his running mate J.D. Vance', 'sentiment_score': 5.8, 'sentiment': 'Neutral'}}]","[4.5, 7, 4.5, 3, 5.8]","[4.5, 7.0, 4.5, 3.0, 5.8]",0.496,0.1351443672522092,0.8958295778223655,-0.2759638350182394,0.5943273372005206,-0.563072563168964,-0.16491050552416095,-0.7874006052695542
6,6,-0.2211988866329193,1.7118643522262573,0.08628746122121811,0,19.0,21.0,0.0, went to their polling places.,"[51314, 1437, 281, 641, 29518, 3190, 13, 51414]",0.0,0.0,0.0,0.0,1.0,0.0,0.0,"[{'text': 'went to their polling places.', 'sentiment': {'score': 6, 'sentiment': 'Neutral'}}, {'sentiment_analysis': {'text': 'went to their polling places.', 'sentiment_score': 4}}, {'text': 'went to their polling places.', 'sentiment_score': 7}, {'sentiment_analysis': {'text': 'went to their polling places.', 'sentiment_score': 5}}, {'text': 'went to their polling places.', 'sentiment': {'score': 7, 'label': 'Positive'}}]","[6, 4, 7, 5, 7]","[6.0, 4.0, 7.0, 5.0, 7.0]",0.58,0.116619037896906,-0.21918704802803202,-0.2759638350182394,0.5943273372005206,-0.563072563168964,-0.16491050552416095,-0.3122042191111768
7,7,-0.2211988866329193,1.7118643522262573,0.08628746122121811,0,21.0,23.0,0.0, It looks like we have a very substantial lead.,"[51414, 467, 1542, 411, 321, 362, 257, 588, 16726, 1477, 13, 51514]",0.1111111111111111,0.0,0.1111111111111111,0.0,0.566,0.434,0.5563,"[{'text': 'It looks like we have a very substantial lead.', 'sentiment_score': 9.2, 'sentiment': 'Positive'}, {'text': 'It looks like we have a very substantial lead.', 'sentiment': {'score': 8, 'label': 'Positive'}}, {'text': 'It looks like we have a very substantial lead.', 'sentiment': {'score': 8, 'label': 'Positive'}}, {'text': 'It looks like we have a very substantial lead.', 'sentiment': {'overall_sentiment': 'positive', 'score': 9}}, {'sentiment_analysis': {'text': 'It looks like we have a very substantial lead.', 'sentiment_score': 8}}]","[9.2, 8, 8, 9, 8]","[9.2, 8.0, 8.0, 9.0, 8.0]",0.8440000000000001,0.05425863986500212,1.1436110502335648,-0.2759638350182394,-1.8090089250405783,3.09521325143179,2.0299507714204106,1.1812701373865824
8,8,-0.2211988866329193,1.7118643522262573,0.08628746122121811,0,23.0,27.0,0.0, It looks like we have many more Republicans voting today than Democrats.,"[51514, 467, 1542, 411, 321, 362, 867, 544, 12017, 10419, 965, 813, 12217, 13, 51714]",0.08333333333333333,0.0,0.08333333333333333,0.0,0.815,0.185,0.3612,"[{'text': 'It looks like we have many more Republicans voting today than Democrats.', 'sentiment': {'overall_sentiment': 'negative', 'sentiment_score': 4.5}}, {'text': 'It looks like we have many more Republicans voting today than Democrats.', 'sentiment': {'polarity': 'negative', 'confidence': 0.7}, 'sentiment_score': 3}, {'text': 'It looks like we have many more Republicans voting today than Democrats.', 'sentiment_analysis': {'overall_sentiment': 3, 'sentences': [{'sentence': 'It looks like we have many more Republicans voting today than Democrats.', 'sentiment': 3}]}}, {'text': 'It looks like we have many more Republicans voting today than Democrats.', 'sentiment': {'polarity': 'negative', 'subjectivity': 'objective', 'confidence': '7.5'}}, {'text': 'It looks like we have many more Republicans voting today than Democrats.', 'sentiment': {'polarity': 'negative', 'confidence': 0.8}}]","[4.5, 3, 3, None, None]","[4.5, 3.0, 3.0]",0.35,0.07071067811865475,0.8029115256681657,-0.2759638350182394,-0.43013627688842726,0.9963349845295142,1.260190866455669,-1.6133371812114967
9,9,-0.17593033611774445,1.5516128540039062,0.03409581258893013,2700,27.0,30.0,0.0," Last night, Trump spoke to supporters in Battleground, Michigan,","[50364, 5264, 1818, 11, 3899, 7179, 281, 17683, 294, 11846, 2921, 11, 11925, 11, 50514]",0.2222222222222222,0.0,0.2222222222222222,0.214,0.556,0.23,0.0516,"[{'text': 'Last night, Trump spoke to supporters in Battleground, Michigan.', 'sentiment': {'score': 3, 'sentiment': 'Neutral'}}, {'text': 'Last night, Trump spoke to supporters in Battleground, Michigan.', 'sentiment': {'score': 6.8, 'sentiment': 'Positive'}}, {'text': 'Last night, Trump spoke to supporters in Battleground, Michigan.', 'sentiment_analysis': {'score': 3, 'message': 'Neutral'}}, {'sentiment_analysis': {'text': 'Last night, Trump spoke to supporters in Battleground, Michigan.', 'sentiment_score': 6.5, 'sentiment': 'Neutral'}}, {'text': 'Last night, Trump spoke to supporters in Battleground, Michigan.', 'sentiment': {'overall_score': 5, 'positive_score': 6, 'negative_score': 4, 'neutral_score': 5}}]","[3, 6.8, 3, 6.5, 5.0]","[3.0, 6.8, 3.0, 6.5, 5.0]",0.48600000000000004,0.16365818036383026,2.5064091484951616,1.181315885991094,-1.8643853366129532,1.3756503339696846,0.03867540475867187,-0.8439716036217418
10,10,-0.17593033611774445,1.5516128540039062,0.03409581258893013,2700,30.0,32.0,0.0," pointing to the economy and the southern border,","[50514, 12166, 281, 264, 5010, 293, 264, 13456, 7838, 11, 50614]",0.0,0.0,0.0,0.0,1.0,0.0,0.0,"[{'text': 'pointing to the economy and the southern border', 'sentiment': {'score': 6, 'sentiment': 'Neutral'}}, {'sentiment_analysis': {'text': 'pointing to the economy and the southern border', 'sentiment_score': 5}}, {'sentiment_analysis': {'text': 'pointing to the economy and the southern border', 'sentiment_score': 6}}, {'text': 'pointing to the economy and the southern border', 'sentiment_analysis': {'sentiment_score': 7, 'sentiment': 'Positive'}}, {'sentiment_analysis': {'text': 'pointing to the economy and the southern border', 'sentiment_score': 5}}]","[6, 5, 6, 7, 5]","[6.0, 5.0, 6.0, 7.0, 5.0]",0.58,0.07483314773547882,-0.21918704802803202,-0.2759638350182394,0.5943273372005206,-0.563072563168964,-0.16491050552416095,-0.3122042191111768
11,11,-0.17593033611774445,1.5516128540039062,0.03409581258893013,2700,32.0,35.0,0.0, saying the country is going in the wrong direction.,"[50614, 1566, 264, 1941, 307, 516, 294, 264, 2085, 3513, 13, 50764]",0.0,0.1111111111111111,-0.1111111111111111,0.279,0.721,0.0,-0.4767,"[{'sentiment_analysis': {'text': 'saying the country is going in the wrong direction.', 'sentiment_score': 3, 'sentiment_label': 'negative'}}, {'sentiment_analysis': {'text': 'The country is going in the wrong direction.', 'sentiment_score': 2, 'sentiment': 'negative'}}, {'text': 'saying the country is going in the wrong direction.', 'sentiment_analysis': {'sentiment': 'negative', 'score': 4}}, {'sentiment_analysis': {'text': 'saying the country is going in the wrong direction.', 'sentiment_score': 2}}, {'text': 'saying the country is going in the wrong direction.', 'sentiment_score': 2, 'sentiment': 'negative'}]","[3, 2, 4, 2, 2]","[3.0, 2.0, 4.0, 2.0, 2.0]",0.26,0.08,-1.5819851462896288,1.6239475769518732,-0.9506745456687572,-0.563072563168964,-2.04571289761382,-2.122476166381187
12,12,-0.17593033611774445,1.5516128540039062,0.03409581258893013,2700,35.0,37.0,0.0, He then drifted into the dark personal attacks,"[50764, 634, 550, 19699, 292, 666, 264, 2877, 2973, 8122, 50864]",0.0,0.25,-0.25,0.293,0.707,0.0,-0.4404,"[{'sentiment_analysis': {'text': 'He then drifted into the dark personal attacks', 'sentiment_score': 3, 'sentiment_label': 'Negative'}}, {'sentiment_analysis': {'text': 'He then drifted into the dark personal attacks', 'sentiment_score': 2}}, {'sentiment_analysis': {'text': 'He then drifted into the dark personal attacks', 'sentiment_score': 3}}, {'sentiment_analysis': {'text': 'He then drifted into the dark personal attacks', 'sentiment_score': 3.5, 'sentiment_label': 'Negative'}}, {'text': 'He then drifted into the dark personal attacks', 'sentiment_score': 3, 'sentiment': 'Negative'}]","[3, 2, 3, 3.5, 3]","[3.0, 2.0, 3.0, 3.5, 3.0]",0.29,0.04898979485566356,-3.2854827691166246,1.7192836334665023,-1.028201521870083,-0.563072563168964,-1.9024925770078738,-1.9527631713246236
13,13,-0.17593033611774445,1.5516128540039062,0.03409581258893013,2700,37.0,40.0,0.0, that have laced his message in recent weeks.,"[50864, 300, 362, 287, 3839, 702, 3636, 294, 5162, 3259, 13, 51014]",0.0,0.0,0.0,0.0,1.0,0.0,0.0,"[{'text': 'that have laced his message in recent weeks.', 'sentiment_score': 6}, {'sentiment_analysis': {'text': 'that have laced his message in recent weeks.', 'sentiment_score': 4.2, 'sentiment_rating': 'Neutral'}}, {'sentiment_analysis': {'text': 'that have laced his message in recent weeks.', 'sentiment_score': 5}}, {'text': 'that have laced his message in recent weeks.', 'sentiment_score': 7}, {'sentiment_analysis': {'text': 'that have laced his message in recent weeks.', 'sentiment_score': 6}}]","[6, 4.2, 5, 7, 6]","[6.0, 4.2, 5.0, 7.0, 6.0]",0.564,0.09583318840568751,-0.21918704802803202,-0.2759638350182394,0.5943273372005206,-0.563072563168964,-0.16491050552416095,-0.40271781647467736
14,14,-0.17593033611774445,1.5516128540039062,0.03409581258893013,2700,40.0,43.0,0.0," His latest target, former House Speaker Nancy Pelosi,","[51014, 2812, 6792, 3779, 11, 5819, 4928, 8454, 18154, 44145, 11, 51164]",0.0,0.0,0.0,0.0,1.0,0.0,0.0,"[{'text': 'His latest target, former House Speaker Nancy Pelosi', 'sentiment': {'overall_sentiment': 3, 'sentences': [{'sentence': 'His latest target, former House Speaker Nancy Pelosi', 'sentiment_score': 3}]}}, {'text': 'His latest target, former House Speaker Nancy Pelosi', 'sentiment_score': 5.8, 'sentiment': 'Neutral'}, {'text': 'His latest target, former House Speaker Nancy Pelosi', 'sentiment_score': 3.5, 'sentiment': 'Mixed'}, {'sentiment_analysis': {'text': 'His latest target, former House Speaker Nancy Pelosi', 'sentiment_score': 7.5, 'sentiment': 'Positive'}}, {'sentiment_analysis': {'text': 'His latest target, former House Speaker Nancy Pelosi', 'sentiment_score': 4.5, 'sentiment': 'Neutral'}}]","[None, 5.8, 3.5, 7.5, 4.5]","[5.8, 3.5, 7.5, 4.5]",0.5325,0.14972892172189045,-0.21918704802803202,-0.2759638350182394,0.5943273372005206,-0.563072563168964,-0.16491050552416095,-0.5809164612840688
15,15,-0.17593033611774445,1.5516128540039062,0.03409581258893013,2700,43.0,45.0,0.0, the first woman to hold the position.,"[51164, 264, 700, 3059, 281, 1797, 264, 2535, 13, 51264]",0.0,0.0,0.0,0.0,1.0,0.0,0.0,"[{'text': 'the first woman to hold the position', 'sentiment_score': 8}, {'text': 'the first woman to hold the position', 'sentiment_score': 8}, {'text': 'the first woman to hold the position.', 'sentiment': {'polarity': 'neutral', 'confidence': 0.75}}, {'text': 'the first woman to hold the position.', 'sentiment': {'score': 8, 'label': 'Positive'}}, {'sentiment_analysis': {'text': 'the first woman to hold the position', 'sentiment_score': 7.5, 'sentiment_type': 'positive'}}]","[8, 8, None, 8, 7.5]","[8.0, 8.0, 8.0, 7.5]",0.7875,0.021650635094610966,-0.21918704802803202,-0.2759638350182394,0.5943273372005206,-0.563072563168964,-0.16491050552416095,0.8616439966967206
16,16,-0.17593033611774445,1.5516128540039062,0.03409581258893013,2700,45.0,48.0,0.0," She's an evil, sick, crazy.","[51264, 1240, 311, 364, 6724, 11, 4998, 11, 3219, 13, 51414]",0.0,0.0,0.0,0.835,0.165,0.0,-0.8779,"[{'text': ""She's an evil, sick, crazy."", 'sentiment_score': 1.5, 'sentiment': 'Negative'}, {'text': ""She's an evil, sick, crazy."", 'sentiment': {'overall_sentiment': 1, 'sentences': [{'text': ""She's an evil, sick, crazy."", 'sentiment_score': -3}]}}, {'text': ""She's an evil, sick, crazy."", 'sentiment_score': 1.2, 'sentiment_label': 'Negative'}, {'text': ""She's an evil, sick, crazy."", 'sentiment': {'score': 1, 'label': 'negative'}}, {'text': ""She's an evil, sick, crazy."", 'sentiment': {'overall_sentiment': 1, 'details': {'positive': 0, 'negative': 3, 'neutral': 0}}}]","[1.5, None, 1.2, 1, None]","[1.5, 1.2, 1.0]",0.12333333333333334,0.020548046676563257,-0.21918704802803202,5.41015096424715,-4.029603029092837,-0.563072563168964,-3.6286328046966214,-2.8956131438610875
17,17,-0.17593033611774445,1.5516128540039062,0.03409581258893013,2700,48.0,51.0,0.0," It starts with a B, but I won't say it.","[51414, 467, 3719, 365, 257, 363, 11, 457, 286, 1582, 380, 584, 309, 13, 51564]",0.0,0.0,0.0,0.0,1.0,0.0,0.0,"[{'sentiment_analysis': {'text': ""It starts with a B, but I won't say it."", 'sentiment_score': 3, 'sentiment': 'Neutral'}}, {'text': ""It starts with a B, but I won't say it."", 'sentiment_score': 3, 'sentiment': 'Neutral'}, {'sentiment_analysis': {'text': ""It starts with a B, but I won't say it."", 'sentiment_score': 2}}, {'text': ""It starts with a B, but I won't say it."", 'sentiment_score': 3.5, 'sentiment': 'Neutral'}, {'sentiment_analysis': {'text': ""It starts with a B, but I won't say it."", 'sentiment_score': 3, 'sentiment_label': 'Neutral'}}]","[3, 3, 2, 3.5, 3]","[3.0, 3.0, 2.0, 3.5, 3.0]",0.29,0.04898979485566356,-0.21918704802803202,-0.2759638350182394,0.5943273372005206,-0.563072563168964,-0.16491050552416095,-1.9527631713246236
18,18,-0.17593033611774445,1.5516128540039062,0.03409581258893013,2700,51.0,53.0,0.0, I want to say it.,"[51564, 286, 528, 281, 584, 309, 13, 51664]",0.0,0.0,0.0,0.0,0.698,0.302,0.0772,"[{'sentiment_analysis': {'text': 'I want to say it.', 'sentiment_score': 7}}, {'sentiment_analysis': {'text': 'I want to say it.', 'sentiment_score': 7}}, {'sentiment_analysis': {'text': 'I want to say it.', 'sentiment_score': 5}}, {'sentiment_analysis': {'text': 'I want to say it.', 'sentiment_score': 6}}, {'sentiment_analysis': {'text': 'I want to say it.', 'sentiment_score': 7}}]","[7, 7, 5, 6, 7]","[7.0, 7.0, 5.0, 6.0, 7.0]",0.64,0.07999999999999999,-0.21918704802803202,-0.2759638350182394,-1.078040292285221,1.9825548930739572,0.13967926722457344,0.027221771001950463
19,19,-0.17593033611774445,1.5516128540039062,0.03409581258893013,2700,53.0,56.0,0.0," In the 107 days since launching her campaign,","[51664, 682, 264, 1266, 22, 1708, 1670, 18354, 720, 5129, 11, 51814]",0.0,0.0,0.0,0.0,1.0,0.0,0.0,"[{'sentiment_analysis': {'text': 'In the 107 days since launching her campaign', 'sentiment_score': 5.2, 'sentiment': 'Neutral'}}, {'sentiment_analysis': {'text': 'In the 107 days since launching her campaign', 'score': 6, 'sentiment': 'Neutral'}}, {'sentiment_analysis': {'text': 'In the 107 days since launching her campaign', 'sentiment_score': 6.8, 'sentiment_category': 'Neutral'}}, {'sentiment_analysis': {'text': 'In the 107 days since launching her campaign', 'sentiment_score': 5}}, {'sentiment_analysis': {'text': 'In the 107 days since launching her campaign', 'sentiment_score': 6.8, 'sentiment': 'Neutral'}}]","[5.2, 6, 6.8, 5, 6.8]","[5.2, 6.0, 6.8, 5.0, 6.8]",0.596,0.07631513611335564,-0.21918704802803202,-0.2759638350182394,0.5943273372005206,-0.563072563168964,-0.16491050552416095,-0.22169062174767618
20,20,-0.17699582874774933,1.625,0.18706637620925903,5600,56.0,58.0,0.0, Harris focused on access to reproductive rights,"[50364, 17426, 5178, 322, 2105, 281, 33569, 4601, 50464]",0.14285714285714285,0.0,0.14285714285714285,0.0,0.698,0.302,0.3818,"[{'text': 'Harris focused on access to reproductive rights', 'sentiment_analysis': {'sentiment_score': 8, 'sentiment_label': 'Positive'}}, {'text': 'Harris focused on access to reproductive rights', 'sentiment_score': 8.5, 'sentiment': 'positive'}, {'text': 'Harris focused on access to reproductive rights', 'sentiment_score': 8}, {'text': 'Harris focused on access to reproductive rights', 'sentiment_score': 8.5, 'sentiment': 'Positive'}, {'text': 'Harris focused on access to reproductive rights', 'sentiment_score': 8}]","[8, None, 8, 8.5, 8]","[8.0, 8.0, 8.5, 8.0]",0.8125,0.021650635094610966,1.532981935451164,-0.2759638350182394,-1.078040292285221,1.9825548930739572,1.341467412033699,1.0030714925771904
21,21,-0.17699582874774933,1.625,0.18706637620925903,5600,58.0,60.0,0.0, and tax incentives for the middle class.,"[50464, 293, 3366, 23374, 337, 264, 2808, 1508, 13, 50564]",0.0,0.0,0.0,0.0,0.723,0.277,0.3182,"[{'sentiment_analysis': {'text': 'and tax incentives for the middle class.', 'sentiment_score': 7}}, {'sentiment_analysis': {'text': 'tax incentives for the middle class', 'sentiment_score': 8}}, {'sentiment_analysis': {'text': 'tax incentives for the middle class', 'sentiment_score': 7.5, 'sentiment_label': 'Positive'}}, {'sentiment_analysis': {'text': 'tax incentives for the middle class.', 'sentiment_score': 7}}, {'sentiment_analysis': {'text': 'tax incentives for the middle class', 'sentiment_score': 8}}]","[7, 8, 7.5, 7, 8]","[7.0, 8.0, 7.5, 7.0, 8.0]",0.75,0.044721359549995794,-0.21918704802803202,-0.2759638350182394,-0.9395992633542821,1.7718241433849737,1.0905359412199749,0.6495027528760164
22,22,-0.17699582874774933,1.625,0.18706637620925903,5600,60.0,62.0,0.0," In her final rally in Pennsylvania,","[50564, 682, 720, 2572, 17584, 294, 17963, 11, 50664]",0.0,0.0,0.0,0.0,1.0,0.0,0.0,"[{'text': 'In her final rally in Pennsylvania,', 'sentiment': {'score': 7}}, {'sentiment_analysis': {'text': 'In her final rally in Pennsylvania', 'sentiment_score': 8}}, {'sentiment_analysis': {'text': 'In her final rally in Pennsylvania', 'sentiment_score': 8}}, {'sentiment_analysis': {'text': 'In her final rally in Pennsylvania', 'sentiment_score': 7.5}}, {'sentiment_analysis': {'text': 'In her final rally in Pennsylvania', 'sentiment_score': 7}}]","[7, 8, 8, 7.5, 7]","[7.0, 8.0, 8.0, 7.5, 7.0]",0.75,0.044721359549995794,-0.21918704802803202,-0.2759638350182394,0.5943273372005206,-0.563072563168964,-0.16491050552416095,0.6495027528760164
23,23,-0.17699582874774933,1.625,0.18706637620925903,5600,62.0,66.0,0.0," she leaned on her celebrity supporters to drive voters to the polls,","[50664, 750, 48874, 322, 720, 18597, 17683, 281, 3332, 14073, 281, 264, 24264, 11, 50864]",0.08333333333333333,0.0,0.08333333333333333,0.0,0.791,0.209,0.4404,"[{'text': 'she leaned on her celebrity supporters to drive voters to the polls', 'sentiment_score': 7}, {'text': 'she leaned on her celebrity supporters to drive voters to the polls', 'sentiment_score': 7}, {'text': 'she leaned on her celebrity supporters to drive voters to the polls', 'sentiment_score': 8, 'sentiment': 'positive'}, {'text': 'she leaned on her celebrity supporters to drive voters to the polls', 'sentiment_score': 7}, {'text': 'she leaned on her celebrity supporters to drive voters to the polls', 'sentiment_analysis': {'score': 7.5, 'sentiment': 'positive'}}]","[7, 7, None, 7, 7.5]","[7.0, 7.0, 7.0, 7.5]",0.7125,0.021650635094610966,0.8029115256681657,-0.2759638350182394,-0.5630396646621281,1.1986365042309384,1.5726715659595518,0.43736150905531224
24,24,-0.17699582874774933,1.625,0.18706637620925903,5600,66.0,69.0,0.0," from The Roots to Katy Perry, Lady Gaga, and Oprah.","[50864, 490, 440, 3101, 1971, 281, 42959, 17334, 11, 11256, 41465, 11, 293, 43804, 13, 51014]",0.0,0.0,0.0,0.0,1.0,0.0,0.0,"[{'text': 'from The Roots to Katy Perry, Lady Gaga, and Oprah.', 'sentiment': 'neutral', 'sentiment_score': 5}, {'text': 'from The Roots to Katy Perry, Lady Gaga, and Oprah.', 'sentiment_analysis': {'score': 6.8, 'sentiment': 'Positive'}}, {'text': 'From The Roots to Katy Perry, Lady Gaga, and Oprah.', 'sentiment': {'score': 6, 'label': 'Neutral'}}, {'sentiment_analysis': {'text': 'from The Roots to Katy Perry, Lady Gaga, and Oprah', 'sentiment_score': 6}}, {'sentiment_analysis': {'text': 'from The Roots to Katy Perry, Lady Gaga, and Oprah', 'sentiment_score': 5}}]","[5, 6.8, 6, 6, 5]","[5.0, 6.8, 6.0, 6.0, 5.0]",0.576,0.06858571279792898,-0.21918704802803202,-0.2759638350182394,0.5943273372005206,-0.563072563168964,-0.16491050552416095,-0.3348326184520519
25,25,-0.17699582874774933,1.625,0.18706637620925903,5600,69.0,73.0,0.0, Harris continued her closing strategy to not mention Trump by name.,"[51014, 17426, 7014, 720, 10377, 5206, 281, 406, 2152, 3899, 538, 1315, 13, 51214]",0.09090909090909091,0.0,0.09090909090909091,0.0,1.0,0.0,0.0,"[{'text': 'Harris continued her closing strategy to not mention Trump by name.', 'sentiment_score': 7}, {'sentiment_analysis': {'text': 'Harris continued her closing strategy to not mention Trump by name.', 'sentiment_score': 7}}, {'text': 'Harris continued her closing strategy to not mention Trump by name.', 'sentiment': {'score': 7, 'interpretation': 'Positive'}}, {'text': 'Harris continued her closing strategy to not mention Trump by name.', 'sentiment': {'score': 4, 'sentiment': 'Neutral'}}, {'text': 'Harris continued her closing strategy to not mention Trump by name.', 'sentiment': {'overall_score': 6, 'positive_score': 6, 'negative_score': 3, 'neutral_score': 1}}]","[7, 7, 7, 4, 6.0]","[7.0, 7.0, 7.0, 4.0, 6.0]",0.62,0.116619037896906,0.8958295778223655,-0.2759638350182394,0.5943273372005206,-0.563072563168964,-0.16491050552416095,-0.08592022570242529
26,26,-0.17699582874774933,1.625,0.18706637620925903,5600,73.0,76.0,0.0," Her campaign says she's trying to end on a positive note,","[51214, 3204, 5129, 1619, 750, 311, 1382, 281, 917, 322, 257, 3353, 3637, 11, 51364]",0.09090909090909091,0.0,0.09090909090909091,0.0,0.714,0.286,0.5574,"[{'sentiment_analysis': {'text': ""Her campaign says she's trying to end on a positive note."", 'sentiment_score': 7.5, 'sentiment': 'Positive'}}, {'text': ""Her campaign says she's trying to end on a positive note"", 'sentiment': {'score': 8}}, {'text': ""Her campaign says she's trying to end on a positive note."", 'sentiment': {'overall_sentiment': 8}}, {'text': ""Her campaign says she's trying to end on a positive note."", 'sentiment_analysis': {'score': 8, 'sentiment': 'Positive'}}, {'sentiment_analysis': {'text': ""Her campaign says she's trying to end on a positive note,"", 'sentiment_score': 7}}]","[7.5, 8, None, 8, 7]","[7.5, 8.0, 8.0, 7.0]",0.7625,0.041457809879442496,0.8958295778223655,-0.2759638350182394,-0.9894380337694201,1.8476872132730076,2.0342907811357422,0.720216500816251
27,27,-0.17699582874774933,1.625,0.18706637620925903,5600,76.0,80.0,0.0, as she delivered remarks on top of the so-called rocky steps in Philadelphia.,"[51364, 382, 750, 10144, 19151, 322, 1192, 295, 264, 370, 12, 11880, 33301, 4439, 294, 21205, 13, 51564]",0.07692307692307693,0.07692307692307693,0.0,0.0,0.87,0.13,0.2023,"[{'text': 'as she delivered remarks on top of the so-called rocky steps in Philadelphia.', 'sentiment': {'score': 8, 'label': 'Positive'}}, {'sentiment_analysis': {'text': 'as she delivered remarks on top of the so-called rocky steps in Philadelphia.', 'sentiment_score': 7}}, {'text': 'as she delivered remarks on top of the so-called rocky steps in Philadelphia.', 'sentiment': {'score': 7}}, {'sentiment_analysis': {'text': 'as she delivered remarks on top of the so-called rocky steps in Philadelphia', 'sentiment_score': 7}}, {'sentiment_analysis': {'text': 'as she delivered remarks on top of the so-called rocky steps in Philadelphia.', 'sentiment_score': 8}}]","[8, 7, 7, 7, 8]","[8.0, 7.0, 7.0, 7.0, 8.0]",0.74,0.04898979485566356,-0.21918704802803202,-0.2759638350182394,-0.12556601324036154,0.5327273352137505,0.6332567357591158,0.5929317545238286
28,28,-0.17699582874774933,1.625,0.18706637620925903,5600,80.0,83.0,0.0," And here at these famous steps,","[51564, 400, 510, 412, 613, 4618, 4439, 11, 51714]",0.16666666666666666,0.0,0.16666666666666666,0.0,1.0,0.0,0.0,"[{'sentiment_analysis': {'text': 'And here at these famous steps', 'sentiment_score': 5}}, {'sentiment_analysis': {'text': 'And here at these famous steps', 'sentiment_score': 7}}, {'sentiment_analysis': {'text': 'And here at these famous steps', 'sentiment_score': 7}}, {'sentiment_analysis': {'text': 'And here at these famous steps', 'sentiment_score': 7}}, {'sentiment_analysis': {'text': 'And here at these famous steps', 'sentiment_score': 7}}]","[5, 7, 7, 7, 7]","[5.0, 7.0, 7.0, 7.0, 7.0]",0.6599999999999999,0.07999999999999999,1.8250100993643634,-0.2759638350182394,0.5943273372005206,-0.563072563168964,-0.16491050552416095,0.14036376770632558
29,29,-0.18615302443504333,1.5017421245574951,0.10085819661617279,8300,84.0,88.0,0.0, a tribute to those who start as the underdog,"[50414, 257, 24722, 281, 729, 567, 722, 382, 264, 833, 14833, 50614]",0.0,0.1111111111111111,-0.1111111111111111,0.0,1.0,0.0,0.0,"[{'text': 'a tribute to those who start as the underdog', 'sentiment': {'polarity': 'positive', 'score': 8}}, {'text': 'a tribute to those who start as the underdog', 'sentiment_analysis': {'score': 7.5, 'sentiment': 'Positive'}}, {'text': 'a tribute to those who start as the underdog', 'sentiment': {'rating': 8}}, {'text': 'a tribute to those who start as the underdog', 'sentiment_score': 8.5, 'sentiment_label': 'Positive'}, {'text': 'a tribute to those who start as the underdog', 'sentiment_score': 7.8, 'sentiment': 'Positive'}]","[8, 7.5, None, 8.5, 7.8]","[8.0, 7.5, 8.5, 7.8]",0.795,0.03640054944640259,-1.5819851462896288,-0.2759638350182394,0.5943273372005206,-0.563072563168964,-0.16491050552416095,0.9040722454608618
30,30,-0.18615302443504333,1.5017421245574951,0.10085819661617279,8300,88.0,91.0,0.0, and climb to victory.,"[50614, 293, 10724, 281, 9812, 13, 50764]",0.0,0.0,0.0,0.0,1.0,0.0,0.0,"[{'text': 'and climb to victory.', 'sentiment_analysis': {'score': 8, 'sentiment': 'positive'}}, {'text': 'and climb to victory.', 'sentiment': {'polarity': 'positive', 'score': 8}}, {'text': 'and climb to victory.', 'sentiment_score': 8}, {'sentiment_analysis': {'text': 'and climb to victory.', 'sentiment_score': 8}}, {'text': 'and climb to victory.', 'sentiment_analysis': {'score': 8, 'sentiment': 'Positive'}}]","[8, 8, 8, 8, 8]","[8.0, 8.0, 8.0, 8.0, 8.0]",0.8,0.0,-0.21918704802803202,-0.2759638350182394,0.5943273372005206,-0.563072563168964,-0.16491050552416095,0.9323577446369559
31,31,-0.18615302443504333,1.5017421245574951,0.10085819661617279,8300,91.0,94.0,0.0," Tonight, Trump's campaign will be set up in West Palm Beach.","[50764, 18702, 11, 3899, 311, 5129, 486, 312, 992, 493, 294, 4055, 32668, 14866, 13, 50914]",0.0,0.0,0.0,0.0,1.0,0.0,0.0,"[{'text': ""Tonight, Trump's campaign will be set up in West Palm Beach."", 'sentiment': {'score': 8.5, 'sentiment': 'Positive'}}, {'text': ""Tonight, Trump's campaign will be set up in West Palm Beach."", 'sentiment': {'score': 7, 'label': 'Positive'}}, {'text': ""Tonight, Trump's campaign will be set up in West Palm Beach."", 'sentiment': {'overall_sentiment': 'Neutral', 'sentiment_score': 5}}, {'text': ""Tonight, Trump's campaign will be set up in West Palm Beach."", 'sentiment': {'polarity': 'neutral', 'score': 5}}, {'text': ""Tonight, Trump's campaign will be set up in West Palm Beach."", 'sentiment_analysis': {'score': 7, 'sentiment': 'Positive'}}]","[8.5, 7, 5, 5, 7]","[8.5, 7.0, 5.0, 5.0, 7.0]",0.65,0.1341640786499874,-0.21918704802803202,-0.2759638350182394,0.5943273372005206,-0.563072563168964,-0.16491050552416095,0.08379276935413833
32,32,-0.18615302443504333,1.5017421245574951,0.10085819661617279,8300,94.0,98.0,0.0," Harris in Washington, D.C., at her alma mater of Howard University.","[50914, 17426, 294, 6149, 11, 413, 13, 34, 7933, 412, 720, 32634, 2389, 295, 17626, 3535, 13, 51114]",0.0,0.0,0.0,0.0,1.0,0.0,0.0,"[{'text': 'Harris in Washington, D.C., at her alma mater of Howard University.', 'sentiment_analysis': {'score': 7, 'sentiment': 'Positive'}}, {'text': 'Harris in Washington, D.C., at her alma mater of Howard University.', 'sentiment': {'polarity': 'neutral', 'subjectivity': 'objective', 'score': 5.0}}, {'text': 'Harris in Washington, D.C., at her alma mater of Howard University.', 'sentiment': {'score': 8, 'sentiment': 'Positive'}}, {'text': 'Harris in Washington, D.C., at her alma mater of Howard University.', 'sentiment_score': 5.8, 'sentiment': 'Neutral'}, {'sentiment_analysis': {'text': 'Harris in Washington, D.C., at her alma mater of Howard University.', 'sentiment_score': 5.7, 'sentiment_category': 'Neutral'}}]","[7, 5.0, 8, 5.8, 5.7]","[7.0, 5.0, 8.0, 5.8, 5.7]",0.63,0.10658330075579381,-0.21918704802803202,-0.2759638350182394,0.5943273372005206,-0.563072563168964,-0.16491050552416095,-0.02934922735023741
33,33,-0.18615302443504333,1.5017421245574951,0.10085819661617279,8300,98.0,101.0,0.0," That's what my focus is right now today, I must admit,","[51114, 663, 311, 437, 452, 1879, 307, 558, 586, 965, 11, 286, 1633, 9796, 11, 51264]",0.09090909090909091,0.0,0.09090909090909091,0.0,0.833,0.167,0.2023,"[{'sentiment_analysis': {'text': ""That's what my focus is right now today, I must admit"", 'sentiment_score': 8}}, {'sentiment_analysis': {'text': ""That's what my focus is right now today, I must admit."", 'sentiment_score': 8}}, {'sentiment_analysis': {'text': ""That's what my focus is right now today, I must admit"", 'sentiment_score': 8}}, {'text': ""That's what my focus is right now today, I must admit"", 'sentiment_analysis': {'overall_score': 7, 'positive_words': ['focus', 'today'], 'negative_words': ['admit']}}, {'sentiment_analysis': {'text': ""That's what my focus is right now today, I must admit."", 'sentiment_score': 7}}]","[8, 8, 8, None, 7]","[8.0, 8.0, 8.0, 7.0]",0.775,0.04330127018922193,0.8958295778223655,-0.2759638350182394,-0.33045873605815124,0.8446088447534461,0.6332567357591158,0.7909302487564861
34,34,-0.18615302443504333,1.5017421245574951,0.10085819661617279,8300,101.0,106.0,0.0, which is making sure everybody knows the power of their voice through their vote.,"[51264, 597, 307, 1455, 988, 2201, 3255, 264, 1347, 295, 641, 3177, 807, 641, 4740, 13, 51514]",0.0,0.0,0.0,0.0,0.85,0.15,0.3182,"[{'text': 'which is making sure everybody knows the power of their voice through their vote.', 'sentiment_score': 8, 'sentiment': 'Positive'}, {'sentiment_analysis': {'text': 'Which is making sure everybody knows the power of their voice through their vote.', 'sentiment_score': 8}}, {'sentiment_analysis': {'text': 'Which is making sure everybody knows the power of their voice through their vote.', 'sentiment_score': 7}}, {'sentiment_analysis': {'text': 'which is making sure everybody knows the power of their voice through their vote.', 'sentiment_score': 8}}, {'sentiment_analysis': {'text': 'which is making sure everybody knows the power of their voice through their vote.', 'sentiment_score': 8}}]","[8, 8, 7, 8, 8]","[8.0, 8.0, 7.0, 8.0, 8.0]",0.78,0.039999999999999994,-0.21918704802803202,-0.2759638350182394,-0.23631883638511272,0.7013119349649372,1.0905359412199749,0.8192157479325801
35,35,-0.18615302443504333,1.5017421245574951,0.10085819661617279,8300,106.0,108.0,0.0," And Dixville Notch, New Hampshire,","[51514, 400, 413, 970, 8386, 1726, 339, 11, 1873, 35688, 11, 51614]",0.0,0.0,0.0,0.0,1.0,0.0,0.0,"[{'sentiment_analysis': {'text': 'And Dixville Notch, New Hampshire', 'sentiment_score': 7}}, {'sentiment_analysis': {'text': 'And Dixville Notch, New Hampshire', 'sentiment_score': 7}}, {'sentiment_analysis': {'text': 'And Dixville Notch, New Hampshire', 'sentiment_score': 7}}, {'sentiment_analysis': {'text': 'And Dixville Notch, New Hampshire', 'sentiment_score': 7}}, {'sentiment_analysis': {'text': 'And Dixville Notch, New Hampshire', 'sentiment_score': 7}}]","[7, 7, 7, 7, 7]","[7.0, 7.0, 7.0, 7.0, 7.0]",0.7,0.0,-0.21918704802803202,-0.2759638350182394,0.5943273372005206,-0.563072563168964,-0.16491050552416095,0.3666477611150771
36,36,-0.18615302443504333,1.5017421245574951,0.10085819661617279,8300,108.0,112.0,0.0," has a nearly 60-year tradition of voting in person at midnight,","[51614, 575, 257, 6217, 4060, 12, 5294, 6994, 295, 10419, 294, 954, 412, 19006, 11, 51814]",0.0,0.0,0.0,0.0,1.0,0.0,0.0,"[{'text': 'has a nearly 60-year tradition of voting in person at midnight', 'sentiment': {'overall': 7.5}}, {'sentiment_analysis': {'text': 'has a nearly 60-year tradition of voting in person at midnight', 'sentiment_score': 7}}, {'sentiment_analysis': {'text': 'has a nearly 60-year tradition of voting in person at midnight', 'sentiment_score': 8}}, {'sentiment_analysis': {'text': 'has a nearly 60-year tradition of voting in person at midnight', 'sentiment_score': 8}}, {'sentiment_analysis': {'text': 'has a nearly 60-year tradition of voting in person at midnight', 'sentiment_score': 8}}]","[7.5, 7, 8, 8, 8]","[7.5, 7.0, 8.0, 8.0, 8.0]",0.77,0.039999999999999994,-0.21918704802803202,-0.2759638350182394,0.5943273372005206,-0.563072563168964,-0.16491050552416095,0.7626447495803922
37,37,-0.21984894573688507,1.1391304731369019,0.0655958279967308,11200,112.0,115.0,0.0, which all six of their registered voters did.,"[50364, 597, 439, 2309, 295, 641, 13968, 14073, 630, 13, 50514]",0.0,0.0,0.0,0.0,1.0,0.0,0.0,"[{'sentiment_analysis': {'text': 'which all six of their registered voters did.', 'sentiment_score': 5}}, {'sentiment_analysis': {'text': 'which all six of their registered voters did.', 'sentiment_score': 8}}, {'sentiment_analysis': {'text': 'which all six of their registered voters did.', 'sentiment_score': 7}}, {'sentiment_analysis': {'text': 'which all six of their registered voters did.', 'sentiment_score': 7.8, 'sentiment': 'Positive'}}, {'sentiment_analysis': {'text': 'which all six of their registered voters did.', 'sentiment_score': 7.5, 'sentiment_type': 'positive'}}]","[5, 8, 7, 7.8, 7.5]","[5.0, 8.0, 7.0, 7.8, 7.5]",0.706,0.10836973747315251,-0.21918704802803202,-0.2759638350182394,0.5943273372005206,-0.563072563168964,-0.16491050552416095,0.4005903601263898
38,38,-0.21984894573688507,1.1391304731369019,0.0655958279967308,11200,115.0,119.0,0.0," The results? Trump 3, Harris 3, a tie.","[50514, 440, 3542, 30, 3899, 805, 11, 17426, 805, 11, 257, 7582, 13, 50714]",0.125,0.0,0.125,0.0,1.0,0.0,0.0,"[{'sentiment_analysis': {'results': {'Trump': 3, 'Harris': 3, 'verdict': 'a tie'}}}, {'sentiment_analysis': {'results': [{'name': 'Trump', 'sentiment_score': 3}, {'name': 'Harris', 'sentiment_score': 3}], 'overall_sentiment': 'a tie'}}, {'sentiment_analysis': {'results': {'Trump': 3, 'Harris': 3, 'overall_sentiment': 'tie'}}}, {'sentiment_analysis': {'text': 'The results? Trump 3, Harris 3, a tie.', 'sentiments': [{'entity': 'Trump', 'sentiment_score': 3}, {'entity': 'Harris', 'sentiment_score': 3}], 'overall_sentiment': 'neutral'}}, {'sentiment_analysis': {'results': [{'name': 'Trump', 'score': 3}, {'name': 'Harris', 'score': 3}, {'name': 'overall', 'sentiment': 'tie'}]}}]","[None, 'a tie', None, 'neutral', None]",[],,,1.3139608125162645,-0.2759638350182394,0.5943273372005206,-0.563072563168964,-0.16491050552416095,
39,39,-0.21984894573688507,1.1391304731369019,0.0655958279967308,11200,119.0,122.0,0.0," Christiane Cordero, ABC News, the White House.","[50714, 5778, 68, 40267, 2032, 11, 22342, 7987, 11, 264, 5552, 4928, 13, 50864]",0.0,0.0,0.0,0.0,1.0,0.0,0.0,"[{'sentiment_analysis': {'text': 'Christiane Cordero, ABC News, the White House.', 'score': 5}}, {'text': 'Christiane Cordero, ABC News, the White House', 'sentiment_score': 5, 'sentiment': 'Neutral'}, {'sentiment_analysis': {'text': 'Christiane Cordero, ABC News, the White House', 'sentiment_score': 5}}, {'text': 'Christiane Cordero, ABC News, the White House', 'sentiment_score': 5}, {'sentiment_analysis': {'text': 'Christiane Cordero, ABC News, the White House', 'sentiment_score': 5}}]","[5, 5, 5, 5, 5]","[5.0, 5.0, 5.0, 5.0, 5.0]",0.5,0.0,-0.21918704802803202,-0.2759638350182394,0.5943273372005206,-0.563072563168964,-0.16491050552416095,-0.7647722059286791
